{"cameraMode":{"drawMode":0,"name":"Shaded","section":"Shading Mode"},"sceneLighting":false,"audioPlay":false,"sceneViewState":{"m_AlwaysRefresh":false,"showFog":true,"showSkybox":false,"showFlares":true,"showImageEffects":true,"showParticleSystems":true,"showVisualEffectGraphs":true,"m_FxEnabled":true},"in2DMode":false,"pivot":{"x":-0.6769999861717224,"y":2.8529999256134035,"z":10.741000175476075},"rotation":{"x":0.10792608559131623,"y":-0.8739914894104004,"z":0.22671590745449067,"w":0.4160507023334503},"size":0.8660253882408142,"orthographic":false}